ID,FNAME,DISTRICT_ID
MG11101001,1er Arrondissement,MG11101001A
MG11101002,2e Arrondissement,MG11101002A
MG11101003,3e Arrondissement,MG11101003A
MG11101004,4e Arrondissement,MG11101004A
MG11101005,5e Arrondissement,MG11101005A
MG11101006,6e Arrondissement,MG11101006A
MG11102010,Alasora,MG11102
MG11102039,Ankadikely Ilafy,MG11102
MG11102050,Ambohimanambola,MG11102
MG11102079,Sabotsy Namehana,MG11102
MG11102099,Ambohimangakely,MG11102
MG11102210,Manandriana,MG11102
MG11102230,Ambohimalaza Miray,MG11102
MG11102279,Fiaferana,MG11102
MG11102319,Ambohimanga Rova,MG11102
MG11102350,Viliahazo,MG11102
MG11102379,Talata Volonondry,MG11102
MG11102390,Anjeva Gara,MG11102
MG11102410,Masindray,MG11102
MG11102430,Ankadinandriana,MG11102
MG11103010,Ambohidratrimo,MG11103
MG11103030,Anosiala,MG11103
MG11103050,Talatamaty,MG11103
MG11103070,Antehiroka,MG11103
MG11103090,Iarinarivo,MG11103
MG11103111,Ivato Firaisana,MG11103
MG11103112,Ivato Aeroport,MG11103
MG11103130,Ambohitrimanjaka,MG11103
MG11103150,Mahitsy,MG11103
MG11103171,Merimandroso,MG11103
MG11103172,Ambatolampy,MG11103
MG11103190,Ampangabe,MG11103
MG11103210,Ampanotokana,MG11103
MG11103230,Mananjara,MG11103
MG11103251,Manjakavaradrano,MG11103
MG11103252,Antsahafilo,MG11103
MG11103270,Ambohimanjaka,MG11103
MG11103290,Fiadanana,MG11103
MG11103310,Mahabo,MG11103
MG11103330,Mahereza,MG11103
MG11103350,Antanetibe,MG11103
MG11103370,Ambohipihaonana,MG11103
MG11103390,Ambato,MG11103
MG11103410,Anjanadoria,MG11103
MG11103430,Avaratsena,MG11103
MG11104010,Ankazobe,MG11104
MG11104030,Talata Angavo,MG11104
MG11104050,Ambohitromby,MG11104
MG11104071,Antotohazo,MG11104
MG11104072,Marondry,MG11104
MG11104090,Fihaonana,MG11104
MG11104110,Mahavelona,MG11104
MG11104130,Fiadanana,MG11104
MG11104150,Tsaramasoandro,MG11104
MG11104170,Ambolotarakely,MG11104
MG11104190,Antakavana,MG11104
MG11104210,Kiangara,MG11104
MG11104230,Miantso,MG11104
MG11106011,Manjakandriana,MG11106
MG11106012,Ambatolaona,MG11106
MG11106030,Sambaina,MG11106
MG11106050,Ambohibary,MG11106
MG11106070,Ambatomanga,MG11106
MG11106090,Alarobia,MG11106
MG11106110,Mantasoa,MG11106
MG11106130,Ranovao,MG11106
MG11106150,Miadanandriana,MG11106
MG11106170,Nandihizana,MG11106
MG11106190,Anjepy,MG11106
MG11106210,Ambanitsena,MG11106
MG11106230,Ambohitrandriamanitra,MG11106
MG11106251,Ambatomena,MG11106
MG11106252,Ambohibao Sud,MG11106
MG11106271,Ambohitseheno,MG11106
MG11106272,Antsahalalina,MG11106
MG11115031,Sabotsy Ambohitromby,MG11115
MG11115032,Andohariana,MG11115
MG11115050,Mandrosoa,MG11115
MG11117470,Ambatofahavalo,MG11117
MG12108001,Antsenakely Andraikiba,MG12108
MG12108002,Ampatana Mandriankeniheny,MG12108
MG12114050,Ampitatafika,MG12114
MG12114079,Ambatomiady,MG12114
MG12114090,Andranofito,MG12114
MG21205290,Fenoarivo,MG21205
MG21208010,Ambohimahasoa,MG21208
MG21208030,Ampitana,MG21208
MG22223090,Ambohipo,MG22223
MG22223110,Anjoman'ankona,MG22223
MG22223130,Vinany Andakatanikely,MG22223
MG23211111,Ankarimbelo,MG23211
MG23211112,Antodinga,MG23211
MG23211113,Kalafotsy,MG23211
MG25222012,Antondabe,MG25222
MG25222031,Marovitsika Sud,MG25222
MG25222032,Antaninarenina,MG25222
MG11106290,Ambohitrony,MG11106
MG11106310,Merikanjaka,MG11106
MG11106330,Anjoma Betoho,MG11106
MG11106351,Ankazondandy,MG11106
MG11106352,Soavinandriana,MG11106
MG11106371,Ambohitrolomahitsy,MG11106
MG11106372,Ampaneva,MG11106
MG11106390,Sadabe,MG11106
MG11107019,Anjozorobe,MG11107
MG11107070,Mangamila,MG11107
MG11107099,Ambongamarina,MG11107
MG11107110,Tsarasaotra,MG11107
MG11107130,Ambohimanarina Marovazaha,MG11107
MG11107150,Betatao,MG11107
MG11107170,Alakamisy,MG11107
MG11107190,Analaroa,MG11107
MG11107211,Antanetibe,MG11107
MG11107212,Belanitra,MG11107
MG11107230,Ambatomanoina,MG11107
MG11107250,Amparatanjona,MG11107
MG11107270,Amboasary Nord,MG11107
MG11107290,Androvakely,MG11107
MG11107310,Ambohibary Vohilena,MG11107
MG11107330,Ambohimirary,MG11107
MG11107350,Marotsipoy,MG11107
MG11107370,Beronono,MG11107
MG11115010,Andramasina,MG11115
MG11115071,Alatsinainy Bakaro,MG11115
MG11115072,Antotohazo,MG11115
MG11115091,Ambohimiadana,MG11115
MG11115092,Tankafatra,MG11115
MG11115110,Alarobia Vatosola,MG11115
MG11115130,Fitsinjovana Bakaro,MG11115
MG11115150,Sabotsy Manjakavahoaka,MG11115
MG11115170,Anosibe Trimoloharano,MG11115
MG11117011,Ampitatafika,MG11117
MG11117012,Anosizato Andrefana,MG11117
MG11117030,Andranonahoatra,MG11117
MG11117050,Ambohidrapeto,MG11117
MG11117070,Bemasoandro,MG11117
MG11117090,Fiombonana,MG11117
MG11117110,Itaosy,MG11117
MG11117130,Ambavahaditokana,MG11117
MG11117150,Tanjombato,MG11117
MG11117170,Andoharanofotsy,MG11117
MG11117190,Ankaraobato,MG11117
MG11117210,Soalandy,MG11117
MG11117230,Antanetikely,MG11117
MG11117250,Alatsinainy Ambazaha,MG11117
MG11117270,Ampanefy,MG11117
MG11117290,Ankadimanga,MG11117
MG11117311,Fenoarivo,MG11117
MG11117312,Alakamisy Fenoarivo,MG11117
MG11117330,Soavina,MG11117
MG11117350,Ambohijanaka,MG11117
MG11117370,Ampahitrosy,MG11117
MG11117390,Bongatsara,MG11117
MG11117410,Androhibe,MG11117
MG11117430,Tsiafahy,MG11117
MG11117450,Ambalavao,MG11117
MG12108003,Soamalaza Mahatsinjo,MG12108
MG12108004,Antsirabe Afovoany Atsinanana,MG12108
MG12108005,Manodidina Ny Gara Ambilombe,MG12108
MG12108006,Mahazoarivo Avarabohitra,MG12108
MG12109010,Betafo,MG12109
MG12109030,Andranomafana,MG12109
MG12109050,Mandritsara,MG12109
MG12109070,Alakamisy Anativato,MG12109
MG12109090,Antsoso,MG12109
MG12109110,Tritriva,MG12109
MG12109130,Soavina,MG12109
MG12109150,Manohisoa,MG12109
MG12109170,Ambatonikolahy,MG12109
MG12109190,Antohobe,MG12109
MG12109211,Mahaiza,MG12109
MG12109212,Anosiarivo Manapa,MG12109
MG12109230,Alakamisy Marososona,MG12109
MG12109250,Ambohimanambola,MG12109
MG12109270,Ambohimasina,MG12109
MG12109290,Inanantonana,MG12109
MG12109390,Alarobia Bemaha,MG12109
MG12109490,Andrembesoa,MG12109
MG12110010,Ambatolampy,MG12110
MG12110030,Morarano,MG12110
MG12110050,Ambohipihaonana,MG12110
MG12110070,Manjakatompo,MG12110
MG12110090,Ambatondrakalavao,MG12110
MG12110110,Andriambilany,MG12110
MG12110130,Belambo Firaisana,MG12110
MG12110150,Andravola Vohipeno,MG12110
MG12110170,Tsiafajavona Ankaratra,MG12110
MG12110190,Ambodifarihy Fenomanana,MG12110
MG12110210,Sabotsy Namatoana,MG12110
MG12110230,Antanimasaka,MG12110
MG12110250,Behenjy,MG12110
MG12110270,Antsampandrano,MG12110
MG12110291,Antanamalaza,MG12110
MG12110292,Antakasina,MG12110
MG12110310,Tsinjoarivo,MG12110
MG12110330,Andranovelona,MG12110
MG12114010,Antanifotsy,MG12114
MG12114030,Ambatolahy,MG12114
MG12114110,Ambohimandroso,MG12114
MG12114150,Ambatotsipihina,MG12114
MG12114171,Ambohitompoina,MG12114
MG12114172,Belanitra,MG12114
MG12114199,Antsahalava,MG12114
MG12114230,Ambodiriana,MG12114
MG12114290,Antsampandrano,MG12114
MG12116010,Faratsiho,MG12116
MG12116030,Antsampanimahazo,MG12116
MG12116050,Faravohitra,MG12116
MG12116070,Ramainandro,MG12116
MG12116090,Andranomiady,MG12116
MG12116110,Vinaninony Atsimo,MG12116
MG12116130,Ambohiborona,MG12116
MG12116150,Miandrarivo,MG12116
MG12116170,Valabetokana,MG12116
MG12118010,Ambano,MG12118
MG12118030,Belazao,MG12118
MG12118050,Alakamisy,MG12118
MG12118070,Antanimandry,MG12118
MG12118090,Vinaninkarena,MG12118
MG12118110,Andranomanelatra,MG12118
MG12118130,Ambohidranandriana,MG12118
MG12118150,Ambohimiarivo,MG12118
MG12118170,Ambohitsimanova,MG12118
MG12118190,Mangarano,MG12118
MG12118210,Manandona,MG12118
MG12118230,Antsoatany,MG12118
MG12118250,Alatsinainy Ibity,MG12118
MG12118270,Sahanivotry Manandona,MG12118
MG12118290,Soanindrariny,MG12118
MG12118310,Ambatomena,MG12118
MG12118331,Ambohibary,MG12118
MG12118332,Mandrosohasina,MG12118
MG12118350,Tsarahonenana Sahanivotry,MG12118
MG12118370,Antanambao,MG12118
MG12120010,Mandoto,MG12120
MG12120030,Betsohana,MG12120
MG12120050,Antanambao Ambary,MG12120
MG12120070,Anjoma Ramartina,MG12120
MG12120090,Ankazomiriotra,MG12120
MG12120110,Fidirana,MG12120
MG12120130,Vasiana,MG12120
MG12120150,Vinany,MG12120
MG13105010,Arivonimamo I,MG13105
MG13105030,Arivonimamo II,MG13105
MG13105050,Ambohitrambo,MG13105
MG13105070,Ampahimanga,MG13105
MG13105090,Amboanana,MG13105
MG13105110,Morafeno,MG13105
MG13105130,Imerintsiatosika,MG13105
MG13105150,Morarano,MG13105
MG13105170,Ambatomirahavavy,MG13105
MG13105190,Ambatomanga,MG13105
MG13105211,Manalalondo,MG13105
MG13105212,Antenimbe,MG13105
MG13105213,Alakamisikely,MG13105
MG13105214,Mahatsinjo Est,MG13105
MG13105215,Marofangady,MG13105
MG13105216,Rambolamasoandro Andranomiely,MG13105
MG13105230,Ambohimandry,MG13105
MG13105250,Antambolo,MG13105
MG13105270,Ambohimasina,MG13105
MG13105291,Ambohipandrano,MG13105
MG13105292,Miandrandra,MG13105
MG13105310,Miantsoarivo,MG13105
MG13112010,Miarinarivo I,MG13112
MG13112030,Miarinarivo II,MG13112
MG13112050,Ambatomanjaka,MG13112
MG13112071,Manazary,MG13112
MG13112072,Antoby Est,MG13112
MG13112090,Soamahamanina,MG13112
MG13112111,Analavory,MG13112
MG13112112,Alatsinainikely,MG13112
MG13112130,Mandiavato,MG13112
MG13112151,Anosibe Ifanja,MG13112
MG13112152,Sarobaratra Ifanja,MG13112
MG13112170,Zoma Bealoka,MG13112
MG13112190,Soavimbazaha,MG13112
MG13112210,Andolofotsy,MG13112
MG13113011,Soavinandriana,MG13113
MG13113012,Dondona,MG13113
MG13113030,Ampary,MG13113
MG13113050,Mananasy,MG13113
MG13113071,Masindray,MG13113
MG13113072,Amparibohitra,MG13113
MG13113090,Ampefy,MG13113
MG13113110,Antanetibe,MG13113
MG13113131,Amparaky,MG13113
MG13113132,Amberomanga,MG13113
MG13113150,Ankaranana,MG13113
MG13113170,Mahavelona,MG13113
MG13113190,Ankisabe,MG13113
MG13113210,Ambatoasana Centre,MG13113
MG13113230,Tamponala,MG13113
MG14111010,Tsiroanomandidy Ville,MG14111
MG14111030,Tsiroanomandidy Fihaonana,MG14111
MG14111051,Ambatolampy,MG14111
MG14111052,Maritampona,MG14111
MG14111070,Bevato,MG14111
MG14111090,Ankadinondry Sakay,MG14111
MG14111110,Ankerana Avaratra,MG14111
MG14111130,Miandrarivo,MG14111
MG14111150,Tsinjoarivo Imanga,MG14111
MG14111170,Soanierana,MG14111
MG14111190,Anosy,MG14111
MG14111210,Ambararatabe,MG14111
MG14111230,Belobaka,MG14111
MG14111250,Ambalanirana,MG14111
MG14111270,Mahasolo,MG14111
MG14111290,Bemahatazana,MG14111
MG14111310,Fierenana,MG14111
MG14111330,Maroharona,MG14111
MG14119010,Fenoarivo Centre,MG14119
MG14119031,Firavahana,MG14119
MG14119032,Morarano Maritampona,MG14119
MG14119051,Kiranomena,MG14119
MG14119052,Tsinjoarivo 22,MG14119
MG14119053,Mahajeby,MG14119
MG14119071,Ambohitromby,MG14119
MG14119072,Ambatomainty Atsimo,MG14119
MG21201001,Tanana Ambony,MG21201
MG21201002,Tanana Ambany,MG21201
MG21201003,Andrainjato Avaratra,MG21201
MG21201004,Andrainjato Sud,MG21201
MG21201005,Manolafaka,MG21201
MG21201006,Lalazana,MG21201
MG21201007,Vatosola,MG21201
MG21205010,Ambalavao,MG21205
MG21205030,Manamisoa,MG21205
MG21205050,Iarintsena,MG21205
MG21205071,Ambohimandroso,MG21205
MG21205072,Andrainjato,MG21205
MG21205090,Anjoma,MG21205
MG21205110,Kirano,MG21205
MG21205130,Sendrisoa,MG21205
MG21205150,Besoa,MG21205
MG21205170,Mahazony,MG21205
MG21205190,Ambinanindovoka,MG21205
MG21205211,Ankaramena,MG21205
MG21205212,Ambinaniroa,MG21205
MG21205230,Ambohimahamasina,MG21205
MG21205250,Miarinarivo,MG21205
MG21205270,Vohitsaoka,MG21205
MG21208050,Ankerana,MG21208
MG21208071,Manandroy,MG21208
MG21208072,Ambalakindresy,MG21208
MG21208090,Ankafina Tsarafidy,MG21208
MG21208110,Sahave,MG21208
MG21208130,Morafeno,MG21208
MG21208150,Ikalalao,MG21208
MG21208170,Vohiposa,MG21208
MG21208190,Ambatosoa,MG21208
MG21208211,Isaka,MG21208
MG21208212,Vohitrarivo,MG21208
MG21208230,Ambohinamboarina,MG21208
MG21208251,Sahatona,MG21208
MG21208252,Camp Robin,MG21208
MG21208270,Befeta,MG21208
MG21208290,Fiadanana,MG21208
MG21219010,Ikalamavony,MG21219
MG21219030,Mangidy,MG21219
MG21219050,Solila,MG21219
MG21219070,Ambatomainty,MG21219
MG21219090,Fitampito,MG21219
MG21219110,Tanamarina Sakay,MG21219
MG21219130,Tsitondroina,MG21219
MG21219150,Tanamarina Bekisopa,MG21219
MG21220011,Andrainjato Centre,MG21220
MG21220012,Andrainjato Est,MG21220
MG21220030,Ambalakely,MG21220
MG21220070,Ivoamba,MG21220
MG21220090,Taindambo,MG21220
MG21220111,Mahatsinjony,MG21220
MG21220112,Sahambavy,MG21220
MG21220210,Ambalamahasoa,MG21220
MG21220250,Alakamisy Ambohimaha,MG21220
MG21220330,Androy,MG21220
MG21220350,Alatsinainy Ialamarina,MG21220
MG21220430,Fandrandava,MG21220
MG21220630,Ialananindro,MG21220
MG21224010,Mahasoabe,MG21224
MG21224030,Vinanitelo,MG21224
MG21224050,Alakamisy Itenina,MG21224
MG21224070,Talata Ampano,MG21224
MG21224090,Ihazoara,MG21224
MG21224110,Ankaromalaza Mifanasoa,MG21224
MG21224130,Vohimarina,MG21224
MG21224150,Maneva,MG21224
MG21224170,Vohitrafeno,MG21224
MG21224190,Andranovorivato,MG21224
MG21224210,Vohibato Ouest,MG21224
MG21224230,Andranomiditra,MG21224
MG21224250,Soaindrana,MG21224
MG21224270,Mahaditra,MG21224
MG21225010,Isorana,MG21225
MG21225030,Anjoma Itsara,MG21225
MG21225050,Andoharanomaitso,MG21225
MG21225070,Ambondrona,MG21225
MG21225090,Ambalamidera II,MG21225
MG21225110,Ankarinarivo Manirisoa,MG21225
MG21225130,Soatanana,MG21225
MG21225150,Nasandratrony,MG21225
MG21225170,Mahazoarivo,MG21225
MG21225190,Fanjakana,MG21225
MG21225210,Iavonomby Vohibola,MG21225
MG22202010,Ambatofinandrahana,MG22202
MG22202030,Itremo,MG22202
MG22202050,Fenoarivo,MG22202
MG22202070,Soavina,MG22202
MG22202090,Ambondromisotra,MG22202
MG22202110,Ambatomifanongoa,MG22202
MG22202130,Amborompotsy,MG22202
MG22202150,Mandrosonoro,MG22202
MG22202170,Mangataboahangy,MG22202
MG22203010,Ambositra I,MG22203
MG22203030,Ambositra II,MG22203
MG22203050,Ankazoambo,MG22203
MG22203070,Ivony Miaramiasa,MG22203
MG22203090,Andina,MG22203
MG22203110,Imerina Imady,MG22203
MG22203130,Ivato,MG22203
MG22203150,Tsarasaotra,MG22203
MG22203170,Marosoa,MG22203
MG22203190,Fahizay,MG22203
MG22203210,Alakamisy Ambohijato,MG22203
MG22203230,Kianjandrakefina,MG22203
MG22203250,Ambalamanakana,MG22203
MG22203290,Ilaka Centre,MG22203
MG22203310,Ihadilanana,MG22203
MG22203390,Ambatofitorahana,MG22203
MG22203410,Antoetra,MG22203
MG22203430,Mahazina Ambohipierenana,MG22203
MG22203450,Sahatsiho Ambohimanjaka,MG22203
MG22203491,Ambohimitombo I,MG22203
MG22203492,Ambohimitombo II,MG22203
MG22203551,Ambinanindrano,MG22203
MG22203552,Vohidahy,MG22203
MG22204010,Fandriana,MG22204
MG22204030,Milamaina,MG22204
MG22204050,Sahamadio Fisakana,MG22204
MG22204070,Fiadanana,MG22204
MG22204090,Tsarazaza,MG22204
MG22204110,Tatamalaza,MG22204
MG22204130,Ankarinoro,MG22204
MG22204150,Sandrandahy,MG22204
MG22204170,Mahazoarivo,MG22204
MG22204191,Miarinavaratra,MG22204
MG22204192,Betsimisotra,MG22204
MG22204210,Alakamisy Ambohimahazo,MG22204
MG22204230,Imito,MG22204
MG22223010,Ambovombe Centre,MG22223
MG22223030,Ambohimahazo,MG22223
MG22223050,Anjoma Nandihizana,MG22223
MG22223070,Ambohimilanja,MG22223
MG22223150,Talata Vohimena,MG22223
MG22223171,Ambatomarina,MG22223
MG22223172,Andakatany,MG22223
MG23206011,Ifanadiana,MG23206
MG23206012,Antaretra,MG23206
MG23206030,Tsaratanana,MG23206
MG23206051,Ranomafana,MG23206
MG23206052,Kelilalina,MG23206
MG23206071,Androrangavola,MG23206
MG23206072,Marotoko,MG23206
MG23206090,Ambohimiera,MG23206
MG23206110,Antsindra,MG23206
MG23206130,Ambohimanga Du Sud,MG23206
MG23206150,Analampasina,MG23206
MG23206170,Fasintsara,MG23206
MG23206190,Maroharatra,MG23206
MG23207010,Nosy Varika,MG23207
MG23207031,Ambahy,MG23207
MG23207032,Andara,MG23207
MG23207051,Fiadanana,MG23207
MG23207052,Ambodirian'i Sahafary,MG23207
MG23207070,Sahavato,MG23207
MG23207090,Vohilava,MG23207
MG23207111,Vohitrandriana,MG23207
MG23207112,Vohidroa,MG23207
MG23207113,Ambakobe,MG23207
MG23207130,Soavina,MG23207
MG23207151,Ambodilafa,MG23207
MG23207152,Androrangavola,MG23207
MG23207171,Ampasinambo,MG23207
MG23207172,Antanambao,MG23207
MG23207173,Angodongodona,MG23207
MG23207191,Befody,MG23207
MG23207192,Ambodiara,MG23207
MG23209010,Mananjary,MG23209
MG23209031,Tsaravary,MG23209
MG23209032,Ankatafana,MG23209
MG23209050,Mahatsara Sud,MG23209
MG23209070,Tsiatosika,MG23209
MG23209090,Mahatsara Iefaka,MG23209
MG23209110,Marokarima,MG23209
MG23209130,Morafeno,MG23209
MG23209150,Antsenavolo,MG23209
MG23209170,Marosangy,MG23209
MG23209190,Ambohimiarina II,MG23209
MG23209210,Andranambolava,MG23209
MG23209230,Vohilava,MG23209
MG23209251,Mahela,MG23209
MG23209252,Ambohitsara Est,MG23209
MG23209270,Mahavoky Nord,MG23209
MG23209290,Andonabe,MG23209
MG23209310,Ambohinihaonana,MG23209
MG23209331,Marofototra,MG23209
MG23209332,Andranomavo,MG23209
MG23209350,Vatohandrina,MG23209
MG23209370,Ambalahosy Nord,MG23209
MG23209391,Ambodinonoka,MG23209
MG23209392,Antaretra,MG23209
MG23209410,Kianjavato,MG23209
MG23209430,Sandrohy,MG23209
MG23209450,Anosimparihy,MG23209
MG23209470,Manakana Nord,MG23209
MG23209490,Namorona,MG23209
MG23210010,Manakara,MG23210
MG23210031,Tataho,MG23210
MG23210032,Mangatsiotra,MG23210
MG23210051,Marofarihy,MG23210
MG23210052,Anosiala,MG23210
MG23210070,Ambila,MG23210
MG23210090,Sorombo,MG23210
MG23210110,Mizilo Gara,MG23210
MG23210130,Ambohitsara M,MG23210
MG23210151,Sahasinaka,MG23210
MG23210152,Sahanambohitra,MG23210
MG23210153,Ambahatrazo,MG23210
MG23210171,Amboanjo,MG23210
MG23210172,Anorombato,MG23210
MG23210190,Vohimasy,MG23210
MG23210211,Lokomby,MG23210
MG23210212,Vatana,MG23210
MG23210213,Sakoana,MG23210
MG23210231,Ambahive,MG23210
MG23210232,Ambandrika,MG23210
MG23210233,Ambalaroka,MG23210
MG23210250,Vohimanitra,MG23210
MG23210271,Mitanty,MG23210
MG23210272,Analavory,MG23210
MG23210291,Bekatra,MG23210
MG23210292,Vinanitelo,MG23210
MG23210311,Ampasimanjeva,MG23210
MG23210312,Ambotaka,MG23210
MG23210313,Nihaonana,MG23210
MG23210330,Mavorano,MG23210
MG23210351,Vohimasina Nord,MG23210
MG23210352,Vohimasina Sud,MG23210
MG23210353,Betampona,MG23210
MG23210370,Vohilava,MG23210
MG23210390,Fenomby,MG23210
MG23210410,Ambalavero,MG23210
MG23210430,Amborondra,MG23210
MG23210451,Mahabako,MG23210
MG23210452,Onilahy,MG23210
MG23210471,Mahamaibe,MG23210
MG23210472,Kianjanomby,MG23210
MG23210490,Ampasimpotsy Sud,MG23210
MG23210510,Anteza,MG23210
MG23210531,Saharefo,MG23210
MG23210532,Ampasimboraka,MG23210
MG23211011,Ikongo,MG23211
MG23211012,Ambolomadinika,MG23211
MG23211031,Ambatofotsy,MG23211
MG23211032,Belemoka,MG23211
MG23211033,Maromiandra,MG23211
MG23211051,Manampatrana,MG23211
MG23211052,Ambinanitromby,MG23211
MG23211071,Ifanirea,MG23211
MG23211072,Tanakambana,MG23211
MG23211073,Sahalanona,MG23211
MG23211091,Tolongoina,MG23211
MG23211092,Ambohimisafy,MG23211
MG23212010,Vohipeno,MG23212
MG23212031,Vohitrindry,MG23212
MG23212032,Vohindava,MG23212
MG23212051,Ivato,MG23212
MG23212052,Savana,MG23212
MG23212053,Anoloka,MG23212
MG23212070,Mahabo,MG23212
MG23212090,Ankarimbary,MG23212
MG23212110,Lanivo,MG23212
MG23212130,Nato,MG23212
MG23212150,Mahasoabe,MG23212
MG23212171,Onjatsy,MG23212
MG23212172,Vohilany,MG23212
MG23212190,Andemaka,MG23212
MG23212211,Ifatsy,MG23212
MG23212212,Antananabo,MG23212
MG23212230,Ilakatra,MG23212
MG23212250,Sahalava,MG23212
MG23212270,Mahazoarivo,MG23212
MG24216010,Ihosy,MG24216
MG24216031,Ankily,MG24216
MG24216032,Ambia,MG24216
MG24216033,Tolohomiady,MG24216
MG24216050,Irina,MG24216
MG24216070,Sahambano,MG24216
MG24216090,Analaliry,MG24216
MG24216110,Mahasoa,MG24216
MG24216131,Ambatolahy,MG24216
MG24216132,Soamatasy,MG24216
MG24216151,Zazafotsy,MG24216
MG24216152,Antsoha,MG24216
MG24216170,Sakalalina,MG24216
MG24216191,Satrokala,MG24216
MG24216192,Andiolava,MG24216
MG24216210,Analavoka,MG24216
MG24216231,Ranohira,MG24216
MG24216232,Ilakaka,MG24216
MG24216250,Menamaty Iloto,MG24216
MG24218010,Ivohibe,MG24218
MG24218030,Antambohobe,MG24218
MG24218050,Maropaika,MG24218
MG24218070,Ivongo,MG24218
MG24221010,Iakora,MG24221
MG24221030,Ranotsara Nord,MG24221
MG24221050,Begogo,MG24221
MG25213010,Farafangana,MG25213
MG25213030,Vohimasy,MG25213
MG25213050,Anosivelo,MG25213
MG25213070,Anosy Tsararafa,MG25213
MG25213090,Vohitromby,MG25213
MG25213110,Ivandrika,MG25213
MG25213130,Manambotra Atsimo,MG25213
MG25213150,Mahavelo,MG25213
MG25213170,Mahafasa Centre,MG25213
MG25213190,Amporoforo,MG25213
MG25213210,Iabohazo,MG25213
MG25213230,Tangainony,MG25213
MG25213250,Beretra Bevoay,MG25213
MG25213270,Ambohigogo,MG25213
MG25213290,Maheriraty,MG25213
MG25213310,Mahabo Mananivo,MG25213
MG25213330,Ambohimandroso,MG25213
MG25213350,Ankarana Miraihina,MG25213
MG25213370,Evato,MG25213
MG25213390,Etrotroka Atsimo,MG25213
MG25213410,Ambalavato Nord,MG25213
MG25213430,Efatsy,MG25213
MG25213450,Tovona,MG25213
MG25213471,Ambalatany,MG25213
MG25213472,Namohora Iaborano,MG25213
MG25213490,Sahamadio,MG25213
MG25213510,Fenoarivo,MG25213
MG25213530,Antseranambe,MG25213
MG25213551,Ihorombe,MG25213
MG25213552,Ambalavato Antevato,MG25213
MG25213570,Vohilengo,MG25213
MG25213590,Marovandrika,MG25213
MG25214010,Vangaindrano,MG25214
MG25214031,Ampasimalemy,MG25214
MG25214032,Tsianofana,MG25214
MG25214033,Bekaraoky,MG25214
MG25214050,Tsiately,MG25214
MG25214070,Soamanova,MG25214
MG25214091,Lopary,MG25214
MG25214092,Bema,MG25214
MG25214111,Vohitrambo,MG25214
MG25214112,Anilobe,MG25214
MG25214131,Lohafary,MG25214
MG25214132,Ampataka,MG25214
MG25214151,Matanga,MG25214
MG25214152,Masianaka,MG25214
MG25214171,Vohipaho,MG25214
MG25214172,Marokibo,MG25214
MG25214190,Ranomena,MG25214
MG25214211,Ambongo,MG25214
MG25214212,Ambatolava,MG25214
MG25214230,Iara,MG25214
MG25214251,Bevata,MG25214
MG25214252,Karimbary,MG25214
MG25214270,Manambondro,MG25214
MG25214290,Fenoambany,MG25214
MG25214311,Isahara,MG25214
MG25214312,Vohimalaza,MG25214
MG25214313,Vatanato,MG25214
MG25214331,Amparihy Est,MG25214
MG25214332,Sandravinany,MG25214
MG25215011,Nosifeno,MG25215
MG25215012,Ankazovelo,MG25215
MG25215031,Andranolalina,MG25215
MG25215032,Maliorano,MG25215
MG25215051,Ivondro,MG25215
MG25215052,Soakibany,MG25215
MG25217011,Vondrozo,MG25217
MG25217012,Manambidala,MG25217
MG25217013,Anandravy,MG25217
MG25217030,Mahatsinjo,MG25217
MG25217051,Mahazoarivo,MG25217
MG25217052,Iamonta,MG25217
MG25217071,Vohimary,MG25217
MG25217072,Antokonala,MG25217
MG25217090,Ambohimana,MG25217
MG25217111,Karianga,MG25217
MG25217112,Manato,MG25217
MG25217130,Ivato,MG25217
MG25217150,Mahavelo,MG25217
MG25217170,Andakana,MG25217
MG25217191,Moroteza,MG25217
MG25217192,Vohiboreka,MG25217
MG25222011,Befotaka Sud,MG25222
MG25222051,Ranotsara Sud,MG25222
MG25222052,Beharena,MG25222
MG25222053,Bekofafa Sud,MG25222
MG31301001,Ambodimanga,MG31301
MG31301002,Anjoma,MG31301
MG31301003,Morarano,MG31301
MG31301004,Tanambao V,MG31301
MG31301005,Ankirihiry,MG31301
MG31306010,Brickaville,MG31306
MG31306030,Vohitranivona,MG31306
MG31306050,Anivorano Est,MG31306
MG31306070,Mahatsara,MG31306
MG31306090,Andovoranto,MG31306
MG31306110,Ambinaninony,MG31306
MG31306130,Fetraomby,MG31306
MG31306150,Vohipeno Razanaka,MG31306
MG31306171,Ranomafana Est,MG31306
MG31306172,Ampasimbe,MG31306
MG31306190,Fanasana,MG31306
MG31306210,Ambalarondra,MG31306
MG31306230,Maroseranana,MG31306
MG31306251,Lohariandava,MG31306
MG31306252,Andekaleka,MG31306
MG31306270,Ambohimanana,MG31306
MG31306290,Anjahamana,MG31306
MG31307010,Vatomandry,MG31307
MG31307030,Ambodivoananto,MG31307
MG31307051,Maintinandry,MG31307
MG31307052,Tanambao Vahatrakaka,MG31307
MG31307053,Tsarasambo,MG31307
MG31307070,Sahamatevina,MG31307
MG31307091,Antanambao Mahatsara,MG31307
MG31307092,Iamborano,MG31307
MG31307110,Ambalavolo,MG31307
MG31307131,Amboditavolo,MG31307
MG31307132,Niherenana,MG31307
MG31307151,Ilaka Est,MG31307
MG31307152,Niarovana Caroline,MG31307
MG31307171,Tsivangiana,MG31307
MG31307172,Ampasimazava,MG31307
MG31307190,Ampasimadinika,MG31307
MG31307210,Ifasina I,MG31307
MG31307230,Ambalabe,MG31307
MG31307250,Ifasina II,MG31307
MG31308011,Mahanoro,MG31308
MG31308012,Betsizaraina,MG31308
MG31308030,Tsaravinany,MG31308
MG31308050,Ambodiharina,MG31308
MG31308070,Manjakandriana,MG31308
MG31308090,Masomeloka,MG31308
MG31308110,Ambinanidilana,MG31308
MG31308130,Ambodibonara,MG31308
MG31308150,Ankazotsifantatra,MG31308
MG31308170,Ambinanindrano,MG31308
MG31308190,Befotaka,MG31308
MG31309010,Marolambo,MG31309
MG31309031,Betampona,MG31309
MG31309032,Tanambao Rabemanana,MG31309
MG31309050,Andonabe Sud,MG31309
MG31309071,Ambalapaiso II,MG31309
MG31309072,Ambodivoangy,MG31309
MG31309090,Ambohimilanja,MG31309
MG31309110,Ambatofisaka II,MG31309
MG31309131,Androrangavola,MG31309
MG31309132,Anosiarivo I,MG31309
MG31309150,Amboasary,MG31309
MG31309170,Lohavanana,MG31309
MG31309191,Ambodinonoka,MG31309
MG31309192,Sahakevo,MG31309
MG31310010,Toamasina Suburbaine,MG31310
MG31310030,Antetezambaro,MG31310
MG31310050,Fanandrana,MG31310
MG31310070,Ambodiriana,MG31310
MG31310091,Ampasimadinika Manambolo,MG31310
MG31310092,Amboditandroroho,MG31310
MG31310110,Mahavelona (Foulpointe),MG31310
MG31310130,Sahambala,MG31310
MG31310150,Ambodilazana,MG31310
MG31310170,Ampasimbe Onibe,MG31310
MG31310191,Mangabe,MG31310
MG31310192,Amporoforo,MG31310
MG31310193,Antenina,MG31310
MG31310211,Andondabe,MG31310
MG31310212,Ampisokina,MG31310
MG31310230,Andranobolaha,MG31310
MG31310250,Fito,MG31310
MG31311010,Antanambao Manampontsy,MG31311
MG31311030,Mahela,MG31311
MG31311050,Saivaza,MG31311
MG31311070,Antanandehibe,MG31311
MG31311090,Manakana,MG31311
MG32302019,Sainte Marie,MG32302
MG32303010,Maroantsetra,MG32303
MG32303031,Anjanazana,MG32303
MG32303032,Manambolo,MG32303
MG32303051,Andranofotsy,MG32303
MG32303052,Antakotako,MG32303
MG32303070,Ankofa,MG32303
MG32303090,Ambinanitelo,MG32303
MG32303111,Anjahana,MG32303
MG32303112,Ambanizana,MG32303
MG32303113,Mahalevona,MG32303
MG32303131,Voloina,MG32303
MG32303132,Ankofabe,MG32303
MG32303133,Antsirabe Sahatany,MG32303
MG32303151,Rantabe,MG32303
MG32303152,Morafeno,MG32303
MG32303153,Androndrono,MG32303
MG32303154,Ambodimanga Rantabe,MG32303
MG32303155,Anandrivola,MG32303
MG32304011,Mananara Avaratra,MG32304
MG32304012,Ambodivoanio,MG32304
MG32304013,Imorona,MG32304
MG32304031,Antanambaobe,MG32304
MG32304032,Antanananivo,MG32304
MG32304050,Manambolosy,MG32304
MG32304070,Ambodiampana,MG32304
MG32304091,Sandrakatsy,MG32304
MG32304092,Tanibe,MG32304
MG32304093,Ambatoharanana,MG32304
MG32318012,Fotsialanana,MG32318
MG32318030,Antanifotsy,MG32318
MG32318050,Ambodiampana,MG32318
MG41405052,Andranofasika,MG41405
MG41405070,Madirovalo,MG41405
MG41405090,Anjiajia,MG41405
MG42409091,Andranomeva,MG42409
MG42409092,Amparihy,MG42409
MG42409111,Leanja,MG42409
MG42409150,Marovato,MG42409
MG42409171,Ambodimahabibo,MG42409
MG42409172,Ambodivongo,MG42409
MG44402011,Besalampy,MG44402
MG44402012,Ampako,MG44402
MG44402030,Marovoay Sud,MG44402
MG51503091,Mandronarivo,MG51503
MG51503092,Tanamary,MG51503
MG51503093,Sakena,MG51503
MG51504130,Antanimieva,MG51504
MG51504150,Basibasy,MG51504
MG51505011,Ankazoabo Sud,MG51505
MG32304110,Antanambe,MG32304
MG32304130,Saromaona,MG32304
MG32304151,Vanono,MG32304
MG32304152,Andasibe I,MG32304
MG32305010,Fenerive Est,MG32305
MG32305030,Ambodimanga II,MG32305
MG32305050,Mahambo,MG32305
MG32305070,Ampasina Maningory,MG32305
MG32305090,Ambatoharanana,MG32305
MG32305110,Vohilengo,MG32305
MG32305130,Saranambana,MG32305
MG32305150,Ampasimbe Manantsatrana,MG32305
MG32305170,Miorimivalana,MG32305
MG32305190,Vohipeno,MG32305
MG32305210,Antsiatsiaka,MG32305
MG32305238,Mahanoro,MG32305
MG32315010,Vavatenina,MG32315
MG32315030,Maromitety,MG32315
MG32315050,Ambohibe,MG32315
MG32315070,Ampasimazava,MG32315
MG32315091,Anjahambe,MG32315
MG32315092,Ambatoharanana,MG32315
MG32315110,Andasibe,MG32315
MG32315130,Miarinarivo,MG32315
MG32315150,Sahatavy,MG32315
MG32315170,Ambodimangavalo,MG32315
MG32318011,Soanierana Ivongo,MG32318
MG32318070,Andapafito,MG32318
MG32318090,Ambahoabe,MG32318
MG32318110,Manompana,MG32318
MG32318130,Antenina,MG32318
MG33312011,Amparafaravola,MG33312
MG33312012,Bedidy,MG33312
MG33312013,Ambohimandroso,MG33312
MG33312014,Sahamamy,MG33312
MG33312031,Ambatomainty,MG33312
MG33312032,Ampasikely,MG33312
MG33312033,Andrebakely Sud,MG33312
MG33312051,Ambohitrarivo,MG33312
MG33312052,Anororo,MG33312
MG33312071,Morarano Chrome,MG33312
MG33312072,Ranomainty,MG33312
MG33312090,Ambohijanahary,MG33312
MG33312111,Tanambe,MG33312
MG33312112,Beanana,MG33312
MG33312113,Vohitsara,MG33312
MG33312131,Amboavory,MG33312
MG33312132,Andilana Nord,MG33312
MG33312133,Ambodimanga,MG33312
MG33312151,Vohimena,MG33312
MG33312152,Andrebakely Nord,MG33312
MG33313010,Ambatondrazaka,MG33313
MG33313031,Feramanga Nord,MG33313
MG33313032,Ambatondrazaka Suburbaine,MG33313
MG33313033,Ambandrika,MG33313
MG33313050,Ampitatsimo,MG33313
MG33313070,Ambohitsilaozana,MG33313
MG33313090,Ilafy,MG33313
MG33313111,Manakambahiny Andrefana,MG33313
MG33313112,Antsangasanga,MG33313
MG33313130,Ambatosoratra,MG33313
MG33313151,Andilanatoby,MG33313
MG33313152,Bejofo,MG33313
MG33313170,Didy,MG33313
MG33313191,Imerimandroso,MG33313
MG33313192,Amparihintsokatra,MG33313
MG33313193,Antanandava,MG33313
MG33313194,Andromba,MG33313
MG33313210,Manakambahiny Antsinanana,MG33313
MG33313231,Soalazaina,MG33313
MG33313232,Tanambao Besakay,MG33313
MG33314010,Moramanga,MG33314
MG33314030,Ambohibary,MG33314
MG33314050,Ampasimpotsy Gara,MG33314
MG33314070,Andasibe,MG33314
MG33314091,Anosibe Ifody,MG33314
MG33314092,Vodiriana,MG33314
MG33314110,Morarano Gara,MG33314
MG33314130,Belavabary,MG33314
MG33314150,Sabotsy Anjiro,MG33314
MG33314170,Ambohidronono,MG33314
MG33314190,Beforona,MG33314
MG33314210,Ambatovola,MG33314
MG33314230,Lakato,MG33314
MG33314250,Amboasary,MG33314
MG33314270,Fierenana,MG33314
MG33314291,Mandialaza,MG33314
MG33314292,Antaniditra,MG33314
MG33314293,Ampasipotsy Mandialaza,MG33314
MG33314310,Antanandava,MG33314
MG33314330,Mangarivotra,MG33314
MG33314350,Andaingo,MG33314
MG33316011,Andilamena,MG33316
MG33316012,Bemaitso,MG33316
MG33316031,Antanimenabaka,MG33316
MG33316032,Tanananifololahy,MG33316
MG33316051,Maroadabo,MG33316
MG33316052,Marovato,MG33316
MG33316071,Miarinarivo,MG33316
MG33316072,Maitsokely,MG33316
MG33317011,Anosibe An'ala,MG33317
MG33317012,Ampasimaneva,MG33317
MG33317031,Ampandroantraka,MG33317
MG33317032,Tratramarina,MG33317
MG33317051,Antandrokomby,MG33317
MG33317052,Ambalaomby,MG33317
MG33317053,Niarovana Marosampanana,MG33317
MG33317054,Tsaravinany,MG33317
MG33317071,Longozabe,MG33317
MG33317072,Ambatoharanana,MG33317
MG41401001,Mahajanga,MG41401
MG41401002,Mahabibo,MG41401
MG41403010,Soalala,MG41403
MG41403030,Ambohipaky,MG41403
MG41403050,Andranomavo,MG41403
MG41405019,Ambato Ambarimay,MG41405
MG41405051,Ankijabe,MG41405
MG41405111,Tsaramandroso,MG41405
MG41405112,Ambondromamy,MG41405
MG41405130,Ankirihitra,MG41405
MG41405150,Andranomamy,MG41405
MG41405170,Manerinerina,MG41405
MG41405190,Sitampiky,MG41405
MG41406010,Marovoay Ville,MG41406
MG41406031,Marovoay Banlieue,MG41406
MG41406032,Antanambao Andranolava,MG41406
MG41406033,Anosinalainolona,MG41406
MG41406051,Ambolomoty,MG41406
MG41406052,Marovoay,MG41406
MG41406070,Tsararano,MG41406
MG41406090,Ankazomborona,MG41406
MG41406111,Manaratsandry,MG41406
MG41406112,Antanimasaka,MG41406
MG41406130,Bemaharivo,MG41406
MG41406158,Ankaraobato,MG41406
MG41407011,Mitsinjo,MG41407
MG41407012,Antseza,MG41407
MG41407030,Antongomena Bevary,MG41407
MG41407050,Matsakabanja,MG41407
MG41407070,Katsepy,MG41407
MG41407091,Bekipay,MG41407
MG41407092,Ambarimaninga,MG41407
MG41415011,Belobaka,MG41415
MG41415012,Boanamary,MG41415
MG41415031,Ambalakida,MG41415
MG41415032,Betsako,MG41415
MG41415050,Mariarano,MG41415
MG41415071,Bekobay,MG41415
MG41415072,Andranoboka,MG41415
MG41415091,Mahajamba Usine,MG41415
MG41415092,Ambalabe Befanjava,MG41415
MG42409010,Port Berge,MG42409
MG42409031,Ambanjabe,MG42409
MG42409032,Tsaratanana I,MG42409
MG42409050,Tsarahasina,MG42409
MG42409070,Tsiningia,MG42409
MG42409112,Ambodisakoana,MG42409
MG42409131,Tsinjomitondraka,MG42409
MG42409132,Maevaranohely,MG42409
MG42409190,Port Berge II,MG42409
MG42410010,Mandritsara,MG42410
MG42410030,Antanandava,MG42410
MG42410050,Antsoha,MG42410
MG42410070,Tsaratanana,MG42410
MG42410090,Kalandy,MG42410
MG42410111,Antsirabe Centre,MG42410
MG42410112,Antsiatsiaka,MG42410
MG42410130,Amboaboa,MG42410
MG42410150,Manampaneva,MG42410
MG42410171,Ambarikorano,MG42410
MG42410172,Andratamarina,MG42410
MG42410191,Ambaripaika,MG42410
MG42410192,Ambodiamontana Kianga,MG42410
MG42410211,Ambalakirajy,MG42410
MG42410212,Tsarajomoka,MG42410
MG42410231,Antsatramidola,MG42410
MG42410232,Ankiakabe-Fonoko,MG42410
MG42410250,Marotandrano,MG42410
MG42410270,Ambilombe,MG42410
MG42410290,Andohajango,MG42410
MG42410310,Anjiabe,MG42410
MG42410330,Ambohisoa,MG42410
MG42410350,Ampatakamaroreny,MG42410
MG42410371,Ankiabe-Salohy,MG42410
MG42410372,Pont Sofia,MG42410
MG42410391,Ambodiadabo,MG42410
MG42410392,Amborondolo,MG42410
MG42410410,Antanambaon'amberina,MG42410
MG42411011,Analalava,MG42411
MG42411012,Ambarijeby Sud,MG42411
MG42411030,Ambolobozo,MG42411
MG42411050,Befotaka Nord,MG42411
MG42411070,Ambaliha,MG42411
MG42411090,Maromandia,MG42411
MG42411110,Marovatolena,MG42411
MG42411131,Andribavontsona,MG42411
MG42411132,Angoaka Sud,MG42411
MG42411150,Marovantaza,MG42411
MG42411170,Ankaramy,MG42411
MG42411190,Antonibe,MG42411
MG42411210,Mahadrodroka,MG42411
MG42412010,Befandriana Nord,MG42412
MG42412030,Morafeno,MG42412
MG42412050,Ambodimotso Sud,MG42412
MG42412070,Tsiamalao,MG42412
MG42412090,Maroamalona,MG42412
MG42412110,Tsarahonenana,MG42412
MG42412130,Antsakanalabe,MG42412
MG42412150,Ambararata,MG42412
MG42412170,Ambolidibe Est,MG42412
MG42412190,Ankarongana,MG42412
MG42412210,Antsakabary,MG42412
MG42412230,Matsondakana,MG42412
MG42413010,Antsohihy,MG42413
MG42413030,Ankerika,MG42413
MG42413051,Ampandriankilandy,MG42413
MG42413052,Anjalazala,MG42413
MG42413070,Anahidrano,MG42413
MG42413090,Ambodimandresy,MG42413
MG42413110,Anjiamangirana,MG42413
MG42413130,Ambodimanary,MG42413
MG42413150,Antsahabe,MG42413
MG42413171,Ambodimadiro,MG42413
MG42413172,Andreba,MG42413
MG42413190,Maroala,MG42413
MG42414010,Bealanana,MG42414
MG42414031,Beandrarezona,MG42414
MG42414032,Antananivo Haut,MG42414
MG42414050,Antsamaka,MG42414
MG42414071,Ambatosia,MG42414
MG42414072,Ambodiampana,MG42414
MG42414090,Ambatoriha Est,MG42414
MG42414110,Ambovonomby,MG42414
MG42414131,Analila,MG42414
MG42414132,Anjozoromadosy,MG42414
MG42414151,Mangindrano,MG42414
MG42414152,Ambararatabe Nord,MG42414
MG42414171,Ambodisikidy,MG42414
MG42414172,Ambararata Sofia,MG42414
MG42414190,Marotolana,MG42414
MG42414211,Ambodiadabo M,MG42414
MG42414212,Ankazotokana,MG42414
MG42414213,Ambalaromba,MG42414
MG42423010,Mampikony I,MG42423
MG42423030,Mampikony II,MG42423
MG42423051,Ambohitoaka,MG42423
MG42423052,Ankiririky,MG42423
MG42423071,Bekoratsaka,MG42423
MG42423072,Malakialina,MG42423
MG42423073,Betaramahamay,MG42423
MG42423090,Komajia,MG42423
MG42423111,Ampasimatera,MG42423
MG42423112,Ambodihazoambo,MG42423
MG43404010,Maevatanana I,MG43404
MG43404031,Maevatanana II,MG43404
MG43404032,Beratsimanina,MG43404
MG43404050,Bemokotra,MG43404
MG43404070,Mahazoma,MG43404
MG43404091,Antsiafabositra,MG43404
MG43404092,Antanimbary,MG43404
MG43404111,Tsararano,MG43404
MG43404112,Ambalajia,MG43404
MG43404131,Ambalanjanakomby,MG43404
MG43404132,Marokoro,MG43404
MG43404150,Maria,MG43404
MG43404171,Andriba,MG43404
MG43404172,Mahatsinjo,MG43404
MG43404173,Morafeno,MG43404
MG43404191,Mangabe,MG43404
MG43404192,Madiromirafy,MG43404
MG43408010,Tsaratanana,MG43408
MG43408030,Bekapaika,MG43408
MG43408050,Tsararova,MG43408
MG43408070,Betrandraka,MG43408
MG43408090,Keliloha,MG43408
MG43408110,Sarobaratra,MG43408
MG43408130,Ampandrana,MG43408
MG43408150,Andriamena,MG43408
MG43408170,Ambakireny,MG43408
MG43408190,Brieville,MG43408
MG43408210,Sakoamadinika,MG43408
MG43408230,Manakana,MG43408
MG43416011,Kandreho,MG43416
MG43416012,Ambaliha,MG43416
MG43416013,Behazomaty,MG43416
MG43416030,Antanimbaribe,MG43416
MG43416051,Betaimboay,MG43416
MG43416052,Andasibe,MG43416
MG44402050,Soanenga,MG44402
MG44402071,Bekodoka,MG44402
MG44402072,Ambolodia Sud,MG44402
MG44402090,Ankasakasa Tsibiray,MG44402
MG44402110,Mahabe,MG44402
MG44417011,Ambatomainty,MG44417
MG44417012,Bemarivo,MG44417
MG44417031,Sarodrano,MG44417
MG44417032,Marotsialeha,MG44417
MG44420010,Antsalova,MG44420
MG44420030,Soahany,MG44420
MG44420050,Masoarivo,MG44420
MG44420070,Trangahy,MG44420
MG44420090,Bekopaka,MG44420
MG44421010,Maintirano,MG44421
MG44421030,Mafaijijo,MG44421
MG44421050,Andabotoka,MG44421
MG44421070,Betanatanana,MG44421
MG44421090,Andrea,MG44421
MG44421110,Ankisatra,MG44421
MG44421130,Marohazo,MG44421
MG44421150,Antsondrodava,MG44421
MG44421170,Belitsaky,MG44421
MG44421191,Tambohorano,MG44421
MG44421192,Veromanga,MG44421
MG44421193,Maromavo,MG44421
MG44421194,Andranovao,MG44421
MG44421210,Antsaidoha Bebao,MG44421
MG44421231,Berevo/ranobe,MG44421
MG44421232,Bebaboky Sud,MG44421
MG44421233,Bemokotra Sud,MG44421
MG44422010,Morafenobe,MG44422
MG44422030,Andramy,MG44422
MG44422050,Beravina,MG44422
MG51501001,Tanambao I,MG51501
MG51501002,Tanambao II Tsf Nord,MG51501
MG51501003,Mahavatse I,MG51501
MG51501004,Mahavatse II,MG51501
MG51501005,Betania,MG51501
MG51501006,Besakoa,MG51501
MG51503011,Beroroha,MG51503
MG51503012,Bemavo,MG51503
MG51503030,Fanjakana,MG51503
MG51503050,Behisatsy,MG51503
MG51503070,Marerano,MG51503
MG51504010,Cu Morombe,MG51504
MG51504030,Befandefa,MG51504
MG51504050,Ambahikily,MG51504
MG51504070,Antongo Vaovao,MG51504
MG51504090,Nosy Ambositra,MG51504
MG51504110,Befandriana Sud,MG51504
MG51505012,Fotivolo,MG51505
MG51505030,Tandrano,MG51505
MG51505050,Andranomafana,MG51505
MG51505071,Berenty,MG51505
MG51505072,Ilemby,MG51505
MG51506011,Betioky Atsimo,MG51506
MG51506012,Sakamasay,MG51506
MG51506013,Ambatry Mitsinjo,MG51506
MG51506014,Ankazomanga Ouest,MG51506
MG51506015,Maroarivo Ankazomanga,MG51506
MG51506030,Beantake,MG51506
MG51506050,Masiaboay,MG51506
MG51506070,Antohabato,MG51506
MG51506090,Tameantsoa,MG51506
MG51506111,Tongobory,MG51506
MG51506112,Besely,MG51506
MG51506113,Vatolatsaka,MG51506
MG51506130,Ankazombalala,MG51506
MG51506150,Bezaha,MG51506
MG51506170,Manalobe,MG51506
MG51506191,Andranomangatsiaka,MG51506
MG51507030,Ankiliabo,MG51507
MG51507050,Amborompotsy,MG51507
MG51507070,Ankilizato,MG51507
MG51506192,Ankilivalo,MG51506
MG51506210,Soamanonga,MG51506
MG51506230,Fenoandala,MG51506
MG51506251,Soaserana,MG51506
MG51506252,Marosavoa,MG51506
MG51506270,Salobe,MG51506
MG51506290,Tanambao Haut,MG51506
MG51506311,Belamoty,MG51506
MG51506312,Antsavoa,MG51506
MG51506313,Montifeno,MG51506
MG51506330,Lazarivo,MG51506
MG51507010,Ampanihy Ouest,MG51507
MG51507090,Maniry,MG51507
MG51507110,Antaly,MG51507
MG51507130,Ankilimivory,MG51507
MG51507150,Ejeda,MG51507
MG51507170,Belafike Haut,MG51507
MG51507190,Beahitse,MG51507
MG51507210,Gogogogo,MG51507
MG51507230,Androka,MG51507
MG51507250,Vohitany,MG51507
MG51507270,Beroy Atsimo,MG51507
MG51507290,Fotadrevo,MG51507
MG51507310,Itampolo,MG51507
MG51512011,Sakaraha,MG51512
MG51512012,Miary Taheza,MG51512
MG51512030,Miary Lamatihy,MG51512
MG51512050,Mahaboboka,MG51512
MG51512070,Amboronabo,MG51512
MG51512090,Bereketa,MG51512
MG51512111,Andamasiny Vineta,MG51512
MG51512112,Mihavatsy,MG51512
MG51512130,Andranolava,MG51512
MG51512150,Ambinany,MG51512
MG51512171,Mikoboka,MG51512
MG51512172,Mitsinjo,MG51512
MG51520010,Mitsinjo Betanimena,MG51520
MG51520030,Belalanda,MG51520
MG51520050,Betsinjaka,MG51520
MG51520071,Miary Ambohibola,MG51520
MG51520072,Behompy,MG51520
MG51520090,Maromiandra,MG51520
MG51520111,Ambohimahavelona,MG51520
MG51520112,Andranohinaly,MG51520
MG51520131,Saint Augustin,MG51520
MG51520132,Anakao,MG51520
MG51520133,Soalara Sud,MG51520
MG51520150,Ambolofoty,MG51520
MG51520170,Ankilimalinike,MG51520
MG51520191,Antanimena Onilahy,MG51520
MG51520192,Manorofify,MG51520
MG51520210,Marofoty,MG51520
MG51520230,Tsianisiha,MG51520
MG51520250,Manombo Sud,MG51520
MG51520270,Andranovory,MG51520
MG51520290,Milenaka,MG51520
MG51520310,Ankililoaka,MG51520
MG51520330,Analamisampy,MG51520
MG51520358,Beheloka,MG51520
MG51521010,Benenitra,MG51521
MG51521031,Ianapera,MG51521
MG51521032,Ambalavato,MG51521
MG51521050,Ehara,MG51521
MG52513010,Beloha,MG52513
MG52513030,Tranovaho,MG52513
MG52513050,Kopoky,MG52513
MG52513070,Marolinta,MG52513
MG52513091,Tranoroa,MG52513
MG52513092,Behabobo,MG52513
MG52514011,Tsihombe,MG52514
MG52514012,Nikoly,MG52514
MG52514031,Betanty (Faux Cap),MG52514
MG52514032,Anjampaly,MG52514
MG52514050,Marovato,MG52514
MG52514071,Antaritarika,MG52514
MG52514072,Imongy,MG52514
MG52516011,Ambovombe,MG52516
MG52516012,Tsimananada,MG52516
MG52516013,Erada,MG52516
MG52516014,Anjeky Ankilikira,MG52516
MG52516031,Ambanisarika,MG52516
MG52516032,Analamary,MG52516
MG52516033,Ambohimalaza,MG52516
MG52516050,Ambonaivo,MG52516
MG52516071,Maroalomainty,MG52516
MG52516072,Maroalopoty,MG52516
MG52516091,Ambondro,MG52516
MG52516092,Ambazoa,MG52516
MG52516111,Sihanamaro,MG52516
MG52516112,Marovato Befeno,MG52516
MG52516130,Antanimora Atsimo,MG52516
MG52516151,Andalatanosy,MG52516
MG52516152,Ampamata,MG52516
MG52516170,Jafaro,MG52516
MG52516190,Imanombo,MG52516
MG52518010,Morafeno Bekily,MG52518
MG52518031,Ankaranabo Nord,MG52518
MG52518032,Besakoa,MG52518
MG52518050,Anja Nord,MG52518
MG52518070,Antsakoamaro,MG52518
MG52518091,Ambatosola,MG52518
MG52518092,Tsirandrany,MG52518
MG52518110,Tsikolaky,MG52518
MG52518130,Manakompy,MG52518
MG52518151,Ambahita,MG52518
MG52518152,Maroviro,MG52518
MG52518170,Belindo Mahasoa,MG52518
MG52518190,Beteza,MG52518
MG52518210,Tanandava,MG52518
MG52518230,Bekitro,MG52518
MG52518251,Beraketa,MG52518
MG52518252,Vohimanga,MG52518
MG52518270,Bevitiky,MG52518
MG52518290,Anivorano Mitsinjo,MG52518
MG53515010,Fort-Dauphin,MG53515
MG53515031,Ampasy Nahampoana,MG53515
MG53515032,Mandromondromotra,MG53515
MG53515033,Soanierana,MG53515
MG53515051,Ifarantsa,MG53515
MG53515052,Isaka-Ivondro,MG53515
MG53515053,Mandiso,MG53515
MG53515071,Manambaro,MG53515
MG53515072,Sarisambo,MG53515
MG53515090,Ankaramena,MG53515
MG53515111,Ranopiso,MG53515
MG53515112,Ambatoabo,MG53515
MG53515113,Ankariera,MG53515
MG53515114,Analapatsy,MG53515
MG53515115,Andranobory,MG53515
MG53515131,Mahatalaky,MG53515
MG53515132,Iaboakoho,MG53515
MG53515151,Enaniliha,MG53515
MG53515152,Fenoevo-Efita,MG53515
MG53515170,Enakara-Haut,MG53515
MG53515191,Ranomafana,MG53515
MG53515192,Emagnobo,MG53515
MG53515210,Bevoay,MG53515
MG53515230,Ampasimena,MG53515
MG53515251,Manantenina,MG53515
MG53515252,Analamary,MG53515
MG53515253,Soavary,MG53515
MG53517010,Betroka,MG53517
MG53517030,Tsaraitso,MG53517
MG53517050,Naninora,MG53517
MG53517070,Ambalasoa,MG53517
MG53517090,Ivahona,MG53517
MG53517110,Analamary,MG53517
MG53517130,Ianabinda,MG53517
MG53517150,Benato Toby,MG53517
MG53517170,Mahabo,MG53517
MG53517190,Beampombo I,MG53517
MG53517210,Jangany,MG53517
MG53517230,Mahasoa Est,MG53517
MG53517250,Bekorobo,MG53517
MG53517270,Iaborotra,MG53517
MG53517291,Isoanala,MG53517
MG53517292,Beampombo II,MG53517
MG53517293,Nanarena Besakoa,MG53517
MG53517310,Ianakafy,MG53517
MG53517331,Andriandampy,MG53517
MG53517332,Sakamahily,MG53517
MG53517350,Ambatomivary,MG53517
MG53519010,Amboasary Atsimo,MG53519
MG53519030,Behara,MG53519
MG53519050,Tanandava Sud,MG53519
MG53519070,Sampona,MG53519
MG53519090,Ifotaka,MG53519
MG53519110,Tranomaro,MG53519
MG53519130,Maromby,MG53519
MG53519150,Elonty,MG53519
MG53519170,Esira,MG53519
MG53519190,Mahaly,MG53519
MG53519210,Manevy,MG53519
MG53519230,Tsivory,MG53519
MG53519250,Marotsiraka,MG53519
MG53519270,Tomboarivo,MG53519
MG53519291,Ebelo,MG53519
MG53519292,Ranobe,MG53519
MG54502010,Manja,MG54502
MG54502030,Beharona,MG54502
MG54502050,Anontsibe Centre,MG54502
MG54502070,Soaserana,MG54502
MG54502090,Ankiliabo,MG54502
MG54502110,Andranopasy,MG54502
MG54508010,Morondava,MG54508
MG54508059,Bemanonga,MG54508
MG54508079,Analaiva,MG54508
MG54508159,Befasy,MG54508
MG54508179,Belo Sur Mer,MG54508
MG54509010,Mahabo,MG54509
MG54509030,Ankilivalo,MG54509
MG54509051,Analamitsivalana,MG54509
MG54509052,Befotaka,MG54509
MG54509070,Ampanihy,MG54509
MG54509091,Ankilizato,MG54509
MG54509092,Ambia,MG54509
MG54509110,Mandabe,MG54509
MG54509130,Malaimbandy,MG54509
MG54509150,Beronono,MG54509
MG54509170,Mazavasoa,MG54509
MG54510011,Belo Sur Tsiribihina,MG54510
MG54510012,Andimaky Manambolo,MG54510
MG54510013,Bemarivo Ankirondro,MG54510
MG54510031,Tsimafana,MG54510
MG54510032,Beroboka Nord,MG54510
MG54510050,Tsaraotana,MG54510
MG54510070,Masoarivo,MG54510
MG54510090,Aboalimena,MG54510
MG54510111,Ankalalobe,MG54510
MG54510112,Ambiky,MG54510
MG54510131,Berevo,MG54510
MG54510132,Antsoha,MG54510
MG54510151,Belinta,MG54510
MG54510152,Ankiroroky,MG54510
MG54511011,Miandrivazo,MG54511
MG54511012,Dabolava,MG54511
MG54511031,Bemahatazana,MG54511
MG54511032,Ampanihy,MG54511
MG54511033,Anosimena,MG54511
MG54511050,Manandaza,MG54511
MG54511071,Ankotrofotsy,MG54511
MG54511072,Isalo,MG54511
MG54511091,Ambatolahy,MG54511
MG54511092,Manambina,MG54511
MG54511110,Itondy,MG54511
MG54511130,Ankavandra,MG54511
MG54511150,Soaloka,MG54511
MG54511170,Betsipolitra,MG54511
MG54511210,Ankondromena,MG54511
MG71713010,Ramena,MG71713
MG71713031,Sakaramy,MG71713
MG71713032,Antanamitarana,MG71713
MG71713033,Joffre Ville,MG71713
MG71713050,Antsahampano,MG71713
MG71713070,Mahavanona,MG71713
MG71713090,Mangaoka,MG71713
MG71713110,Andrafiabe,MG71713
MG71713130,Anketrakabe,MG71713
MG71713151,Sadjoavato,MG71713
MG71713152,Antsalaka,MG71713
MG71713170,Andranovondronina,MG71713
MG71713191,Andranofanjava,MG71713
MG71713192,Mahalina,MG71713
MG71713210,Ankarongana,MG71713
MG71713231,Anivorano Nord,MG71713
MG71713232,Antsoha,MG71713
MG71713251,Bobasakoa,MG71713
MG71713252,Ambondrona,MG71713
MG71713253,Bobakilandy,MG71713
MG71713254,Mosorolava,MG71713
MG71715009,Diego Suarez,MG71715
MG71717010,Ambilobe,MG71717
MG71717030,Mantaly,MG71717
MG71717050,Ampondralava,MG71717
MG71717070,Tanambao Marivorahona,MG71717
MG71717090,Ambakirano,MG71717
MG71717110,Ambatoben'anjavy,MG71717
MG71717130,Antsaravibe,MG71717
MG71717150,Antsohimbondrona,MG71717
MG71717171,Anjiabe Ambony,MG71717
MG71717172,Ambodibonara,MG71717
MG71717190,Beramanja,MG71717
MG71717210,Betsiaka,MG71717
MG71717231,Ambarakaraka,MG71717
MG71717232,Anaborano Ifasy,MG71717
MG71717233,Manambato,MG71717
MG71718001,Hell-Ville,MG71718
MG71718002,Ampangorina,MG71718
MG71718003,Ambatozavavy,MG71718
MG71718004,Bemanondrobe,MG71718
MG71718005,Dzamandzar,MG71718
MG71719010,Ambanja,MG71719
MG71719030,Benavony,MG71719
MG71719050,Ambohimena,MG71719
MG71719070,Antsatsaka,MG71719
MG71719091,Antranokarany,MG71719
MG71719092,Djangoa,MG71719
MG71719110,Antsakoamanondro,MG71719
MG71719130,Ambalahonko,MG71719
MG71719150,Ankingameloka,MG71719
MG71719171,Bemaneviky Haut Sambirano,MG71719
MG71719172,Ambodimanga Ramena,MG71719
MG71719173,Maevatanana,MG71719
MG71719190,Antafiambotry,MG71719
MG71719210,Maherivaratra,MG71719
MG71719231,Marovato,MG71719
MG71719232,Ambohitrandriana,MG71719
MG71719233,Ambohimarina,MG71719
MG71719250,Ambaliha,MG71719
MG71719270,Marotolana,MG71719
MG71719290,Bemaneviky Ouest,MG71719
MG71719310,Anorontsangana,MG71719
MG71719330,Antsirabe,MG71719
MG71719350,Ankatafa,MG71719
MG72710010,Antalaha Ambonivohitra,MG72710
MG72710030,Ampahana,MG72710
MG72710050,Ampohibe,MG72710
MG72710070,Antombana,MG72710
MG72710090,Antsahanoro,MG72710
MG72710110,Antananambo,MG72710
MG72710130,Marofinaritra,MG72710
MG72710151,Sarahandrano,MG72710
MG72710152,Andampy,MG72710
MG72710170,Ambalabe,MG72710
MG72710190,Ambinanifaho,MG72710
MG72710210,Ambohitralanana,MG72710
MG72710230,Lanjarivo,MG72710
MG72710250,Antsambalahy,MG72710
MG72710271,Vinanivao,MG72710
MG72710272,Ampanavoana,MG72710
MG72711010,Sambava Cu,MG72711
MG72711059,Ambohimalaza,MG72711
MG72711079,Farahalana,MG72711
MG72711090,Nosiarina,MG72711
MG72711130,Ambodivoara,MG72711
MG72711150,Anjinjaomby,MG72711
MG72711170,Morafeno,MG72711
MG72711190,Analamaho,MG72711
MG72711210,Ambohimitsinjo,MG72711
MG72711230,Anjangoveratra,MG72711
MG72711250,Andratamarina,MG72711
MG72711270,Marogaona,MG72711
MG72711290,Marojala,MG72711
MG72711310,Antsambaharo,MG72711
MG72711330,Andrahanjo,MG72711
MG72711350,Bemanevika,MG72711
MG72711371,Amboangibe,MG72711
MG72711372,Andrembona,MG72711
MG72711390,Antindra,MG72711
MG72711410,Ambodiampana,MG72711
MG72711430,Maroambihy,MG72711
MG72711450,Ambatoafo,MG72711
MG72711470,Anjialava,MG72711
MG72711490,Tanambao Daoud,MG72711
MG72711510,Antsahavaribe,MG72711
MG72711530,Bevonotra,MG72711
MG72712010,Andapa,MG72712
MG72712030,Tanandava,MG72712
MG72712050,Ankiakabe Nord,MG72712
MG72712070,Belaoka Marovato,MG72712
MG72712090,Ambodimanga I,MG72712
MG72712110,Marovato,MG72712
MG72712130,Andrakata,MG72712
MG72712150,Bealampona,MG72712
MG72712170,Matsohely,MG72712
MG72712190,Andranomena,MG72712
MG72712210,Ambalamanasy II,MG72712
MG72712230,Ambodiangezoka,MG72712
MG72712250,Betsakotsako Andranotsara,MG72712
MG72712270,Belaoka Lokoho,MG72712
MG72712290,Anoviara,MG72712
MG72712310,Doany,MG72712
MG72712330,Anjialavabe,MG72712
MG72712350,Antsahamena,MG72712
MG72716010,Vohemar,MG72716
MG72716030,Ampondra,MG72716
MG72716050,Fanambana,MG72716
MG72716070,Milanoa,MG72716
MG72716090,Bobakindro,MG72716
MG72716110,Daraina,MG72716
MG72716130,Ambalasatrana,MG72716
MG72716150,Tsarabaria,MG72716
MG72716170,Nosibe,MG72716
MG72716190,Andravory,MG72716
MG72716210,Andrafainkona,MG72716
MG72716231,Ampanefena,MG72716
MG72716232,Ambodisambalahy,MG72716
MG72716250,Ambinanin'andravory,MG72716
MG72716270,Amboriala,MG72716
MG72716290,Maromokotra Loky,MG72716
MG72716310,Antsirabe Nord,MG72716
MG72716330,Ampisikinana,MG72716
MG72716350,Belambo,MG72716